"Index","Name","Extension","Hash","StoredSize","ExpandedSize","Flag","Protected","Compressed","Offset","End"
"0","areavolumes20.xml",".xml","0x3A20CDAA","290","300","0x11","True","True","9260","9550"
"1","audiocollection20.xml",".xml","0xB951CA25","215","87","0x10","True","False","9550","9765"
"2","bikes/bike_donkey.xml",".xml","0xCB240593","1384","3957","0x11","True","True","9765","11149"
"3","bikes/bike_unicorn.xml",".xml","0x17FF978C","1364","3579","0x11","True","True","11149","12513"
"4","config20.xml",".xml","0x118AA6E7","462","714","0x11","True","True","12513","12975"
"5","constrainscollection20.xml",".xml","0xF264C17D","180","52","0x10","True","False","12975","13155"
"6","editorcamera20.xml",".xml","0x64617DCF","288","277","0x11","True","True","13155","13443"
"7","environment_presets20.xml",".xml","0x09215BF2","1198","10085","0x11","True","True","13443","14641"
"8","images/garage/rider/Female_2.png.tex",".tex","0xC3BE3B07","31329","286750","0x11","True","True","14641","45970"
"9","images/garage/rider/Female_2_Body.png.tex",".tex","0x45034C6D","9393","102430","0x11","True","True","45970","55363"
"10","images/garage/rider/Female_2_Head.png.tex",".tex","0xE4313D47","9780","102430","0x11","True","True","55363","65143"
"11","images/garage/rider/Female_2_Pants.png.tex",".tex","0x914E3454","8075","102430","0x11","True","True","65143","73218"
"12","images/garage/rider/small/Female_2_Body.png.tex",".tex","0x7D99EAA8","2284","4126","0x11","True","True","73218","75502"
"13","images/garage/rider/small/Female_2_Head.png.tex",".tex","0x52FE2908","1950","4126","0x11","True","True","75502","77452"
"14","images/garage/rider/small/Female_2_Pants.png.tex",".tex","0x7DA63911","1748","4126","0x11","True","True","77452","79200"
"15","ingamemusiccollection20.xml",".xml","0x021BE227","171","51","0x11","True","True","79200","79371"
"16","localization/dlc20_chinese.xml",".xml","0xDEFE6AC8","354","354","0x11","True","True","79371","79725"
"17","localization/dlc20_dutch.xml",".xml","0x0B6753B8","349","347","0x11","True","True","79725","80074"
"18","localization/dlc20_french.xml",".xml","0x1C0BC009","350","348","0x11","True","True","80074","80424"
"19","localization/dlc20_german.xml",".xml","0xC01C2EE0","350","348","0x11","True","True","80424","80774"
"20","localization/dlc20_italian.xml",".xml","0xA163580A","350","349","0x11","True","True","80774","81124"
"21","localization/dlc20_japanese.xml",".xml","0x29DF00C5","350","350","0x11","True","True","81124","81474"
"22","localization/dlc20_oasis__global.xml",".xml","0x8544C704","2341","29628","0x11","True","True","81474","83815"
"23","localization/dlc20_portuguese-brazil.xml",".xml","0xFABF980A","358","359","0x11","True","True","83815","84173"
"24","localization/dlc20_portuguese.xml",".xml","0x131261EF","358","359","0x11","True","True","84173","84531"
"25","localization/dlc20_russian.xml",".xml","0x99A0176A","350","349","0x11","True","True","84531","84881"
"26","localization/dlc20_spanish.xml",".xml","0x590BBB20","350","349","0x11","True","True","84881","85231"
"27","manmade/buildings/garage/garage_background_1.gfx",".gfx","0x7403FAA2","29595","246120","0x11","True","True","85231","114826"
"28","objectcategory20.xml",".xml","0xC54AE0CC","325","299","0x11","True","True","114826","115151"
"29","objectcollection20.xml",".xml","0xE583A04E","136983","1959059","0x11","True","True","115151","252134"
"30","objects/pack20/aiden_bottom_1669118754.mdl",".mdl","0xC8711195","141013","140885","0x10","True","False","252134","393147"
"31","objects/pack20/aiden_head_2604412728.mdl",".mdl","0x44DE0BE7","358876","358748","0x10","True","False","393147","752023"
"32","objects/pack20/aiden_top_1216871494.mdl",".mdl","0xB76C07AB","531297","531169","0x10","True","False","752023","1283320"
"33","objects/pack20/apocalypse_mask_3937105966.mdl",".mdl","0x260E06F9","159548","159420","0x10","True","False","1283320","1442868"
"34","objects/pack20/apocalypse_rider_helmet_2415648959.mdl",".mdl","0x5EEA222B","72978","72850","0x10","True","False","1442868","1515846"
"35","objects/pack20/apocalypse_rider_legs_2263877008.mdl",".mdl","0xE1D3B3C2","145424","145296","0x10","True","False","1515846","1661270"
"36","objects/pack20/apocalypse_rider_torso_241008148.mdl",".mdl","0xF8ACB67F","496400","496272","0x10","True","False","1661270","2157670"
"37","objects/pack20/arno_head2_3284873855.mdl",".mdl","0x325BCA80","181106","180978","0x10","True","False","2157670","2338776"
"38","objects/pack20/arno_legs_3515252172.mdl",".mdl","0x2DB45A26","162207","162079","0x10","True","False","2338776","2500983"
"39","objects/pack20/arno_upper_body_3445539938.mdl",".mdl","0xA63945BF","794391","794263","0x10","True","False","2500983","3295374"
"40","objects/pack20/barbara_head_278374187.mdl",".mdl","0x3E0EE22C","283386","283258","0x10","True","False","3295374","3578760"
"41","objects/pack20/barbara_legs_626581849.mdl",".mdl","0x0A0E6999","177872","177744","0x10","True","False","3578760","3756632"
"42","objects/pack20/barbara_torso_1231612097.mdl",".mdl","0xE757ADDD","180946","180818","0x10","True","False","3756632","3937578"
"43","objects/pack20/bike_minx_back_swing_arm_1655584065.mdl",".mdl","0xA2078A7C","64326","64198","0x10","True","False","3937578","4001904"
"44","objects/pack20/bike_minx_chain_cover_2982199886.mdl",".mdl","0xECA8B68A","14603","14475","0x10","True","False","4001904","4016507"
"45","objects/pack20/bike_minx_engine_3104935895.mdl",".mdl","0x99604A60","175022","174894","0x10","True","False","4016507","4191529"
"46","objects/pack20/bike_minx_engine_fender_563789054.mdl",".mdl","0x75DAB986","26886","26758","0x10","True","False","4191529","4218415"
"47","objects/pack20/bike_minx_exhaust_3563174090.mdl",".mdl","0x3403C7FE","25260","25132","0x10","True","False","4218415","4243675"
"48","objects/pack20/bike_minx_fender_front_2351844293.mdl",".mdl","0x575B78B6","11915","11787","0x10","True","False","4243675","4255590"
"49","objects/pack20/bike_minx_fender_rear_1360390530.mdl",".mdl","0xEA6E358A","17849","17721","0x10","True","False","4255590","4273439"
"50","objects/pack20/bike_minx_frame_3881667527.mdl",".mdl","0x666B5470","111065","110937","0x10","True","False","4273439","4384504"
"51","objects/pack20/bike_minx_front_suspension_2273720968.mdl",".mdl","0x1E951439","63655","63527","0x10","True","False","4384504","4448159"
"52","objects/pack20/bike_minx_head_light_2995030938.mdl",".mdl","0xD58268DA","8026","7898","0x10","True","False","4448159","4456185"
"53","objects/pack20/bike_minx_seat_1591740121.mdl",".mdl","0x454E6945","9980","9852","0x10","True","False","4456185","4466165"
"54","objects/pack20/bike_minx_steering_236849812.mdl",".mdl","0x10BC6E4A","138747","138619","0x10","True","False","4466165","4604912"
"55","objects/pack20/bike_minx_tank_92503418.mdl",".mdl","0x10F5A09C","11372","11244","0x10","True","False","4604912","4616284"
"56","objects/pack20/bike_minx_wire_frame_1977429699.mdl",".mdl","0x8BB245E0","6486","6358","0x10","True","False","4616284","4622770"
"57","objects/pack20/bike_minx_wire_rear_3438299369.mdl",".mdl","0x318A5E90","3114","2986","0x10","True","False","4622770","4625884"
"58","objects/pack20/body_3800316381.mdl",".mdl","0x954C2014","255948","255820","0x10","True","False","4625884","4881832"
"59","objects/pack20/bounty_hunter_head_2400506055.mdl",".mdl","0x677B6A09","63738","63610","0x10","True","False","4881832","4945570"
"60","objects/pack20/bounty_hunter_legs_3054725473.mdl",".mdl","0xE6203256","285989","285861","0x10","True","False","4945570","5231559"
"61","objects/pack20/bounty_hunter_torso_3552621367.mdl",".mdl","0x4C58FBB2","248588","248460","0x10","True","False","5231559","5480147"
"62","objects/pack20/catrider_still_3761307275.mdl",".mdl","0xC06B59C4","565670","565542","0x10","True","False","5480147","6045817"
"63","objects/pack20/cat_rider_2_2119218817.mdl",".mdl","0x19C564A0","53724","53596","0x10","True","False","6045817","6099541"
"64","objects/pack20/cat_rider_983735987.mdl",".mdl","0x19F723DD","593843","593715","0x10","True","False","6099541","6693384"
"65","objects/pack20/cheetah_backswing_2752928713.mdl",".mdl","0x12DB3AE5","35647","35519","0x10","True","False","6693384","6729031"
"66","objects/pack20/cheetah_backswing_3433585337.mdl",".mdl","0x20176E9D","35652","35524","0x10","True","False","6729031","6764683"
"67","objects/pack20/cheetah_backswing_402872395.mdl",".mdl","0x67F3E93C","35652","35524","0x10","True","False","6764683","6800335"
"68","objects/pack20/cheetah_backswing_798942192.mdl",".mdl","0xC07EA378","35652","35524","0x10","True","False","6800335","6835987"
"69","objects/pack20/cheetah_engine_1254426453.mdl",".mdl","0x3680DE8E","101186","101058","0x10","True","False","6835987","6937173"
"70","objects/pack20/cheetah_engine_1907526078.mdl",".mdl","0x764A024A","101186","101058","0x10","True","False","6937173","7038359"
"71","objects/pack20/cheetah_engine_2816672723.mdl",".mdl","0x5ABC910E","101186","101058","0x10","True","False","7038359","7139545"
"72","objects/pack20/cheetah_engine_2836603877.mdl",".mdl","0x91080EEF","101186","101058","0x10","True","False","7139545","7240731"
"73","objects/pack20/cheetah_engine_fender_1221583678.mdl",".mdl","0xB275FDAA","32301","32173","0x10","True","False","7240731","7273032"
"74","objects/pack20/cheetah_exhaust_2529672648.mdl",".mdl","0x4B25C936","36997","36869","0x10","True","False","7273032","7310029"
"75","objects/pack20/cheetah_exhaust_3636672776.mdl",".mdl","0x01202752","37007","36879","0x10","True","False","7310029","7347036"
"76","objects/pack20/cheetah_exhaust_3748034281.mdl",".mdl","0xBB5E2FC8","37007","36879","0x10","True","False","7347036","7384043"
"77","objects/pack20/cheetah_exhaust_86085234.mdl",".mdl","0x2F4394DF","37007","36879","0x10","True","False","7384043","7421050"
"78","objects/pack20/cheetah_fender_front_1771381755.mdl",".mdl","0x687485E6","10151","10023","0x10","True","False","7421050","7431201"
"79","objects/pack20/cheetah_fender_front_1910176367.mdl",".mdl","0x5ACC409F","10131","10003","0x10","True","False","7431201","7441332"
"80","objects/pack20/cheetah_fender_front_2274726132.mdl",".mdl","0x8526BF2E","10161","10033","0x10","True","False","7441332","7451493"
"81","objects/pack20/cheetah_fender_front_3486927829.mdl",".mdl","0x296776D1","10161","10033","0x10","True","False","7451493","7461654"
"82","objects/pack20/cheetah_fender_front_3666612002.mdl",".mdl","0xE403ABC7","10161","10033","0x10","True","False","7461654","7471815"
"83","objects/pack20/cheetah_fender_rear_1501514725.mdl",".mdl","0xEBE2B9CB","14783","14655","0x10","True","False","7471815","7486598"
"84","objects/pack20/cheetah_fender_rear_1578233241.mdl",".mdl","0xFD3FF716","14921","14793","0x10","True","False","7486598","7501519"
"85","objects/pack20/cheetah_fender_rear_1872604162.mdl",".mdl","0x40A2C4AE","14911","14783","0x10","True","False","7501519","7516430"
"86","objects/pack20/cheetah_fender_rear_435638767.mdl",".mdl","0x2D9BCE6B","14921","14793","0x10","True","False","7516430","7531351"
"87","objects/pack20/cheetah_fender_rear_686467597.mdl",".mdl","0x3F81E2E0","14921","14793","0x10","True","False","7531351","7546272"
"88","objects/pack20/cheetah_frame_1164385867.mdl",".mdl","0xA77771E6","80105","79977","0x10","True","False","7546272","7626377"
"89","objects/pack20/cheetah_frame_2244325264.mdl",".mdl","0x54F32A25","80105","79977","0x10","True","False","7626377","7706482"
"90","objects/pack20/cheetah_frame_3501635998.mdl",".mdl","0x6E19F00B","80105","79977","0x10","True","False","7706482","7786587"
"91","objects/pack20/cheetah_frame_564405301.mdl",".mdl","0xE2974BD9","80100","79972","0x10","True","False","7786587","7866687"
"92","objects/pack20/cheetah_frame_rear_190992443.mdl",".mdl","0x5883AECF","39497","39369","0x10","True","False","7866687","7906184"
"93","objects/pack20/cheetah_frame_rear_1911444440.mdl",".mdl","0x734D3C21","39502","39374","0x10","True","False","7906184","7945686"
"94","objects/pack20/cheetah_frame_rear_2520335892.mdl",".mdl","0xFB47A666","39502","39374","0x10","True","False","7945686","7985188"
"95","objects/pack20/cheetah_frame_rear_2875063124.mdl",".mdl","0xA17D4439","39502","39374","0x10","True","False","7985188","8024690"
"96","objects/pack20/cheetah_front_suspension_2446532690.mdl",".mdl","0xDD701638","28970","28842","0x10","True","False","8024690","8053660"
"97","objects/pack20/cheetah_front_suspension_3415958921.mdl",".mdl","0x2FA8124C","28970","28842","0x10","True","False","8053660","8082630"
"98","objects/pack20/cheetah_front_suspension_640622143.mdl",".mdl","0x5C431755","28965","28837","0x10","True","False","8082630","8111595"
"99","objects/pack20/cheetah_front_suspension_782361621.mdl",".mdl","0xDFB138CE","28970","28842","0x10","True","False","8111595","8140565"
"100","objects/pack20/cheetah_headlight_2050272303.mdl",".mdl","0x9F73EEBA","38673","38545","0x10","True","False","8140565","8179238"
"101","objects/pack20/cheetah_headlight_2208732550.mdl",".mdl","0x194D1811","38673","38545","0x10","True","False","8179238","8217911"
"102","objects/pack20/cheetah_headlight_2576908551.mdl",".mdl","0x49CACB88","38673","38545","0x10","True","False","8217911","8256584"
"103","objects/pack20/cheetah_headlight_3543173750.mdl",".mdl","0xB1596867","38673","38545","0x10","True","False","8256584","8295257"
"104","objects/pack20/cheetah_seat_1061978512.mdl",".mdl","0x0C77D949","13425","13297","0x10","True","False","8295257","8308682"
"105","objects/pack20/cheetah_seat_2371826194.mdl",".mdl","0xDC5B52AA","13435","13307","0x10","True","False","8308682","8322117"
"106","objects/pack20/cheetah_steering_1742765906.mdl",".mdl","0x492B3BF8","98476","98348","0x10","True","False","8322117","8420593"
"107","objects/pack20/cheetah_steering_3230500990.mdl",".mdl","0x675FC707","98476","98348","0x10","True","False","8420593","8519069"
"108","objects/pack20/cheetah_steering_597512762.mdl",".mdl","0x55A0621E","98471","98343","0x10","True","False","8519069","8617540"
"109","objects/pack20/cheetah_steering_624218061.mdl",".mdl","0x35ACDE56","98476","98348","0x10","True","False","8617540","8716016"
"110","objects/pack20/cheetah_steering_attach_1229938360.mdl",".mdl","0xA651FB42","4926","4798","0x10","True","False","8716016","8720942"
"111","objects/pack20/cheetah_steering_attach_1436864986.mdl",".mdl","0x71FAC019","4926","4798","0x10","True","False","8720942","8725868"
"112","objects/pack20/cheetah_steering_attach_1504742335.mdl",".mdl","0x1A8505CD","4922","4794","0x10","True","False","8725868","8730790"
"113","objects/pack20/cheetah_steering_attach_1949631693.mdl",".mdl","0x77EA5657","4926","4798","0x10","True","False","8730790","8735716"
"114","objects/pack20/cheetah_steering_middle_piece_1554173117.mdl",".mdl","0xE6B3E4D1","6262","6134","0x10","True","False","8735716","8741978"
"115","objects/pack20/cheetah_steering_middle_piece_1605209329.mdl",".mdl","0x40584927","6262","6134","0x10","True","False","8741978","8748240"
"116","objects/pack20/cheetah_steering_middle_piece_281622362.mdl",".mdl","0x81338BE3","6257","6129","0x10","True","False","8748240","8754497"
"117","objects/pack20/cheetah_steering_middle_piece_3051194296.mdl",".mdl","0xAA9621CF","6262","6134","0x10","True","False","8754497","8760759"
"118","objects/pack20/cheetah_tank_1669899400.mdl",".mdl","0xA198A638","15458","15330","0x10","True","False","8760759","8776217"
"119","objects/pack20/cheetah_tank_2474789116.mdl",".mdl","0x92C3F3E7","15693","15565","0x10","True","False","8776217","8791910"
"120","objects/pack20/cheetah_tank_3166158214.mdl",".mdl","0x807E77F9","15683","15555","0x10","True","False","8791910","8807593"
"121","objects/pack20/clara_head_1429024504.mdl",".mdl","0x79326566","544687","544559","0x10","True","False","8807593","9352280"
"122","objects/pack20/clara_legs_1790548669.mdl",".mdl","0x6FC98211","138706","138578","0x10","True","False","9352280","9490986"
"123","objects/pack20/clara_torso_1554724651.mdl",".mdl","0x0757A8AB","570626","570498","0x10","True","False","9490986","10061612"
"124","objects/pack20/clockwork_rim_1605984176.mdl",".mdl","0x43245B01","102183","102055","0x10","True","False","10061612","10163795"
"125","objects/pack20/componential_rims_1226559366.mdl",".mdl","0x4A91BFC6","91273","91145","0x10","True","False","10163795","10255068"
"126","objects/pack20/componential_rim_back_3079626032.mdl",".mdl","0x23D2EE19","63859","63731","0x10","True","False","10255068","10318927"
"127","objects/pack20/componential_rim_lod0_14944905.mdl",".mdl","0xF061ED04","49036","48908","0x10","True","False","10318927","10367963"
"128","objects/pack20/cyborg_helmet_582681301.mdl",".mdl","0x40865697","174368","174240","0x10","True","False","10367963","10542331"
"129","objects/pack20/dapper_head_722249001.mdl",".mdl","0x69FD0444","133070","132942","0x10","True","False","10542331","10675401"
"130","objects/pack20/dapper_legs_3202365285.mdl",".mdl","0x00DBDDB9","144189","144061","0x10","True","False","10675401","10819590"
"131","objects/pack20/dapper_pug_3112972161.mdl",".mdl","0x605B9F12","235282","235154","0x10","True","False","10819590","11054872"
"132","objects/pack20/dapper_torso_2302193317.mdl",".mdl","0x24FA5A6C","436655","436527","0x10","True","False","11054872","11491527"
"133","objects/pack20/desert_hawk_240899747.mdl",".mdl","0xC9D9C05D","43316","43188","0x10","True","False","11491527","11534843"
"134","objects/pack20/elise_hat_883916891.mdl",".mdl","0x821AAC07","61669","61541","0x10","True","False","11534843","11596512"
"135","objects/pack20/elise_head_1840883815.mdl",".mdl","0xAE4AF9B8","92927","92799","0x10","True","False","11596512","11689439"
"136","objects/pack20/elise_legs_509170600.mdl",".mdl","0xF7B503D1","247837","247709","0x10","True","False","11689439","11937276"
"137","objects/pack20/elise_ponytail_2149873696.mdl",".mdl","0x4765A698","9563","9435","0x10","True","False","11937276","11946839"
"138","objects/pack20/elise_torso_1538927724.mdl",".mdl","0xD0248730","353928","353800","0x10","True","False","11946839","12300767"
"139","objects/pack20/evility_back_rim_464644790.mdl",".mdl","0xBD8219F9","173683","173555","0x10","True","False","12300767","12474450"
"140","objects/pack20/evility_front_rim_2251240936.mdl",".mdl","0x78A972E2","170439","170311","0x10","True","False","12474450","12644889"
"141","objects/pack20/fat_grizzly_body_2098625518.mdl",".mdl","0xCC8E366F","71788","71660","0x10","True","False","12644889","12716677"
"142","objects/pack20/fat_grizzly_body_296169910.mdl",".mdl","0xB533E767","71788","71660","0x10","True","False","12716677","12788465"
"143","objects/pack20/fat_grizzly_chassis_3457340095.mdl",".mdl","0x930D3B76","28492","28364","0x10","True","False","12788465","12816957"
"144","objects/pack20/fat_grizzly_chassis_3904591855.mdl",".mdl","0xBDAFDFEC","28487","28359","0x10","True","False","12816957","12845444"
"145","objects/pack20/fat_grizzly_exhaust_3211258686.mdl",".mdl","0x78D5F6A0","10563","10435","0x10","True","False","12845444","12856007"
"146","objects/pack20/fat_grizzly_exhaust_54606941.mdl",".mdl","0x57A3BEE5","10558","10430","0x10","True","False","12856007","12866565"
"147","objects/pack20/fat_grizzly_frame_front_1688579461.mdl",".mdl","0xF43704F6","50332","50204","0x10","True","False","12866565","12916897"
"148","objects/pack20/fat_grizzly_frame_front_2399205678.mdl",".mdl","0x2B9C4455","50332","50204","0x10","True","False","12916897","12967229"
"149","objects/pack20/fat_grizzly_frame_rear_1207456319.mdl",".mdl","0xA4AC466C","20918","20790","0x10","True","False","12967229","12988147"
"150","objects/pack20/fat_grizzly_frame_rear_530296115.mdl",".mdl","0x2ACFF103","20918","20790","0x10","True","False","12988147","13009065"
"151","objects/pack20/fat_grizzly_headlight_116954528.mdl",".mdl","0x26F67F3D","7157","7029","0x10","True","False","13009065","13016222"
"152","objects/pack20/fat_grizzly_headlight_4239251317.mdl",".mdl","0xB16AEC75","7152","7024","0x10","True","False","13016222","13023374"
"153","objects/pack20/fat_grizzly_steering_2932295756.mdl",".mdl","0x6D031C50","78496","78368","0x10","True","False","13023374","13101870"
"154","objects/pack20/fat_grizzly_steering_3570372111.mdl",".mdl","0x9A270459","78496","78368","0x10","True","False","13101870","13180366"
"155","objects/pack20/fat_grizzly_suspension_front_1746745107.mdl",".mdl","0xC1051163","130600","130472","0x10","True","False","13180366","13310966"
"156","objects/pack20/fat_grizzly_suspension_front_2837276811.mdl",".mdl","0x92FC3631","130600","130472","0x10","True","False","13310966","13441566"
"157","objects/pack20/fat_grizzly_suspension_rear_2969575427.mdl",".mdl","0x1981ED9B","131075","130947","0x10","True","False","13441566","13572641"
"158","objects/pack20/fat_grizzly_suspension_rear_3618083979.mdl",".mdl","0xF5C14D94","131075","130947","0x10","True","False","13572641","13703716"
"159","objects/pack20/femalebase_head_1238191718.mdl",".mdl","0x6E53FD64","85840","85712","0x10","True","False","13703716","13789556"
"160","objects/pack20/femalebase_head_with_chest_1457439886.mdl",".mdl","0x8E7C19D9","95540","95412","0x10","True","False","13789556","13885096"
"161","objects/pack20/femalebase_legs_1065594045.mdl",".mdl","0xD8DC3B6C","74769","74641","0x10","True","False","13885096","13959865"
"162","objects/pack20/femalebase_legs_calf_3230567692.mdl",".mdl","0xB4991C90","5860","5732","0x10","True","False","13959865","13965725"
"163","objects/pack20/femalebase_torso_1770813815.mdl",".mdl","0x23D731F7","139535","139407","0x10","True","False","13965725","14105260"
"164","objects/pack20/femalebase_waist_2643661878.mdl",".mdl","0x4F5095BB","9588","9460","0x10","True","False","14105260","14114848"
"165","objects/pack20/female_assassin_helmet_841435873.mdl",".mdl","0xFBCB716A","115961","115833","0x10","True","False","14114848","14230809"
"166","objects/pack20/female_assassin_lower_744042567.mdl",".mdl","0xB4DBCAD6","238243","238115","0x10","True","False","14230809","14469052"
"167","objects/pack20/female_assassin_upper_2034972213.mdl",".mdl","0xC52F6CC4","296392","296264","0x10","True","False","14469052","14765444"
"168","objects/pack20/female_indian_head_2110807004.mdl",".mdl","0x3C630392","72136","72008","0x10","True","False","14765444","14837580"
"169","objects/pack20/female_indian_helmet__3107186031.mdl",".mdl","0xA8073EE3","50566","50438","0x10","True","False","14837580","14888146"
"170","objects/pack20/female_indian_legs_3676713675.mdl",".mdl","0xE5F78D6A","176100","175972","0x10","True","False","14888146","15064246"
"171","objects/pack20/female_indian_torso_3922541097.mdl",".mdl","0x2E9B8353","207044","206916","0x10","True","False","15064246","15271290"
"172","objects/pack20/female_officer_helmet_3476073005.mdl",".mdl","0xAAF29C35","124289","124161","0x10","True","False","15271290","15395579"
"173","objects/pack20/female_officer_legs_2273779713.mdl",".mdl","0x70F453D9","93966","93838","0x10","True","False","15395579","15489545"
"174","objects/pack20/female_officer_torso_3800890535.mdl",".mdl","0x0A034ABA","260643","260515","0x10","True","False","15489545","15750188"
"175","objects/pack20/female_outfit_1_bottom_1900774902.mdl",".mdl","0x2A2723C1","110890","110762","0x10","True","False","15750188","15861078"
"176","objects/pack20/female_outfit_1_helmet_2891539579.mdl",".mdl","0x01A13869","92672","92544","0x10","True","False","15861078","15953750"
"177","objects/pack20/female_outfit_1_top_2975991920.mdl",".mdl","0xCE4898F0","134597","134469","0x10","True","False","15953750","16088347"
"178","objects/pack20/female_tech_bottom_2598797814.mdl",".mdl","0x61D0DC98","218738","218610","0x10","True","False","16088347","16307085"
"179","objects/pack20/female_tech_helmet_453685687.mdl",".mdl","0xD320A9B8","52314","52186","0x10","True","False","16307085","16359399"
"180","objects/pack20/female_tech_top_3580445456.mdl",".mdl","0x93D5E65C","337528","337400","0x10","True","False","16359399","16696927"
"181","objects/pack20/front_suspension_3993753994.mdl",".mdl","0x906521F7","21298","21170","0x10","True","False","16696927","16718225"
"182","objects/pack20/front_tire_868892813.mdl",".mdl","0x87A9FD05","49374","49246","0x10","True","False","16718225","16767599"
"183","objects/pack20/fusion_rim_1_2727850633.mdl",".mdl","0x4C288244","46415","46287","0x10","True","False","16767599","16814014"
"184","objects/pack20/fusion_rim_front_3095069994.mdl",".mdl","0xD3E1F249","41286","41158","0x10","True","False","16814014","16855300"
"185","objects/pack20/generic_medium_icon_1_2202330545.mdl",".mdl","0x26592A96","556","428","0x10","True","False","16855300","16855856"
"186","objects/pack20/generic_medium_icon_1_2788949741.mdl",".mdl","0xDB0E28F2","555","427","0x10","True","False","16855856","16856411"
"187","objects/pack20/grinder_rims_2908588824.mdl",".mdl","0xD4362890","102191","102063","0x10","True","False","16856411","16958602"
"188","objects/pack20/holograph_rim_4001218887.mdl",".mdl","0x6BE6DD44","69220","69092","0x10","True","False","16958602","17027822"
"189","objects/pack20/horror_mask_4050851301.mdl",".mdl","0x3D1B0F8F","211932","211804","0x10","True","False","17027822","17239754"
"190","objects/pack20/kingcobra_engine_1_1029731427.mdl",".mdl","0x8C84D9D1","135581","135453","0x10","True","False","17239754","17375335"
"191","objects/pack20/kingcobra_engine_1_2297210984.mdl",".mdl","0xEB15FF82","135571","135443","0x10","True","False","17375335","17510906"
"192","objects/pack20/kingcobra_engine_1_2701716106.mdl",".mdl","0x2827A6B2","135581","135453","0x10","True","False","17510906","17646487"
"193","objects/pack20/kingcobra_engine_1_351581600.mdl",".mdl","0x9444B7DE","135581","135453","0x10","True","False","17646487","17782068"
"194","objects/pack20/kingcobra_engine_fender_1_1735367833.mdl",".mdl","0xFAA43DB5","20490","20362","0x10","True","False","17782068","17802558"
"195","objects/pack20/kingcobra_engine_fender_1_2272960759.mdl",".mdl","0x53751A5F","20494","20366","0x10","True","False","17802558","17823052"
"196","objects/pack20/kingcobra_engine_fender_1_3991271334.mdl",".mdl","0x46872CA3","20486","20358","0x10","True","False","17823052","17843538"
"197","objects/pack20/kingcobra_engine_fender_1_851983372.mdl",".mdl","0xD983AA34","20490","20362","0x10","True","False","17843538","17864028"
"198","objects/pack20/kingcobra_exhaust_pipe_1_2012970380.mdl",".mdl","0xB4FB8695","23536","23408","0x10","True","False","17864028","17887564"
"199","objects/pack20/kingcobra_exhaust_pipe_1_2342679984.mdl",".mdl","0xDF6D143A","23536","23408","0x10","True","False","17887564","17911100"
"200","objects/pack20/kingcobra_exhaust_pipe_1_2839996341.mdl",".mdl","0x3CBDE293","23536","23408","0x10","True","False","17911100","17934636"
"201","objects/pack20/kingcobra_exhaust_pipe_1_2992128280.mdl",".mdl","0x32551DCD","23536","23408","0x10","True","False","17934636","17958172"
"202","objects/pack20/kingcobra_frame_1_2135418044.mdl",".mdl","0x1FD3955E","96463","96335","0x10","True","False","17958172","18054635"
"203","objects/pack20/kingcobra_frame_1_3680436090.mdl",".mdl","0x126A9B4C","96468","96340","0x10","True","False","18054635","18151103"
"204","objects/pack20/kingcobra_frame_1_3910099984.mdl",".mdl","0x3530CE36","96463","96335","0x10","True","False","18151103","18247566"
"205","objects/pack20/kingcobra_frame_1_46414075.mdl",".mdl","0x19CE38E9","96458","96330","0x10","True","False","18247566","18344024"
"206","objects/pack20/kingcobra_frame_extension_1_2164749332.mdl",".mdl","0xA3B42B78","28725","28597","0x10","True","False","18344024","18372749"
"207","objects/pack20/kingcobra_frame_extension_1_2295715799.mdl",".mdl","0xCA3A7F79","28720","28592","0x10","True","False","18372749","18401469"
"208","objects/pack20/kingcobra_frame_extension_1_3088853998.mdl",".mdl","0xB75561EA","28730","28602","0x10","True","False","18401469","18430199"
"209","objects/pack20/kingcobra_front_fender_1_108812533.mdl",".mdl","0x442172FF","8163","8035","0x10","True","False","18430199","18438362"
"210","objects/pack20/kingcobra_front_fender_1_3411679352.mdl",".mdl","0x86B60E5C","8163","8035","0x10","True","False","18438362","18446525"
"211","objects/pack20/kingcobra_front_fender_1_3656049493.mdl",".mdl","0x1EB8AE0B","8163","8035","0x10","True","False","18446525","18454688"
"212","objects/pack20/kingcobra_front_suspension_1_1354735714.mdl",".mdl","0xBA9B0E4F","40216","40088","0x10","True","False","18454688","18494904"
"213","objects/pack20/kingcobra_front_suspension_1_1768965567.mdl",".mdl","0x6B2FA97D","40216","40088","0x10","True","False","18494904","18535120"
"214","objects/pack20/kingcobra_front_suspension_1_3566690153.mdl",".mdl","0xCCC46711","40212","40084","0x10","True","False","18535120","18575332"
"215","objects/pack20/kingcobra_front_suspension_1_87767741.mdl",".mdl","0x6A9CCA7D","40216","40088","0x10","True","False","18575332","18615548"
"216","objects/pack20/kingcobra_headlight_1_2781113808.mdl",".mdl","0x0C1EC112","6959","6831","0x10","True","False","18615548","18622507"
"217","objects/pack20/kingcobra_headlight_1_956300210.mdl",".mdl","0xE60DD665","6959","6831","0x10","True","False","18622507","18629466"
"218","objects/pack20/kingcobra_rear_fender_1_233117287.mdl",".mdl","0xA60D5977","25338","25210","0x10","True","False","18629466","18654804"
"219","objects/pack20/kingcobra_rear_fender_1_2455895357.mdl",".mdl","0x7C735213","25338","25210","0x10","True","False","18654804","18680142"
"220","objects/pack20/kingcobra_rear_fender_1_3604512423.mdl",".mdl","0xF3A00175","25338","25210","0x10","True","False","18680142","18705480"
"221","objects/pack20/kingcobra_rear_suspension_1_2974682121.mdl",".mdl","0x9B724577","22639","22511","0x10","True","False","18705480","18728119"
"222","objects/pack20/kingcobra_rear_suspension_1_3840589581.mdl",".mdl","0x9471CCDB","22639","22511","0x10","True","False","18728119","18750758"
"223","objects/pack20/kingcobra_rear_suspension_1_507057603.mdl",".mdl","0xA029367A","22639","22511","0x10","True","False","18750758","18773397"
"224","objects/pack20/kingcobra_rear_suspension_1_527745387.mdl",".mdl","0x277C4AA9","22639","22511","0x10","True","False","18773397","18796036"
"225","objects/pack20/kingcobra_seat_1_2121751782.mdl",".mdl","0x3F2B70CF","6334","6206","0x10","True","False","18796036","18802370"
"226","objects/pack20/kingcobra_seat_1_2299923325.mdl",".mdl","0x163A1964","6334","6206","0x10","True","False","18802370","18808704"
"227","objects/pack20/kingcobra_seat_1_3483666625.mdl",".mdl","0xCC0BFA3E","6334","6206","0x10","True","False","18808704","18815038"
"228","objects/pack20/kingcobra_steering_1_1297643866.mdl",".mdl","0x92D0D3FD","102823","102695","0x10","True","False","18815038","18917861"
"229","objects/pack20/kingcobra_steering_1_216106051.mdl",".mdl","0x1F4ADB9C","102823","102695","0x10","True","False","18917861","19020684"
"230","objects/pack20/kingcobra_steering_1_3437651380.mdl",".mdl","0x4B3DB37C","102818","102690","0x10","True","False","19020684","19123502"
"231","objects/pack20/kingcobra_steering_1_345274542.mdl",".mdl","0x518521BA","102823","102695","0x10","True","False","19123502","19226325"
"232","objects/pack20/kingcobra_swing_arm_1_2071138140.mdl",".mdl","0x6CEBA072","20370","20242","0x10","True","False","19226325","19246695"
"233","objects/pack20/kingcobra_swing_arm_1_2368185954.mdl",".mdl","0x50094835","20370","20242","0x10","True","False","19246695","19267065"
"234","objects/pack20/kingcobra_swing_arm_1_2743537078.mdl",".mdl","0x464B6635","20365","20237","0x10","True","False","19267065","19287430"
"235","objects/pack20/kingcobra_swing_arm_1_3361390921.mdl",".mdl","0xF7063DC8","20375","20247","0x10","True","False","19287430","19307805"
"236","objects/pack20/kingcobra_tank_1_1228230065.mdl",".mdl","0xBADDDD20","29390","29262","0x10","True","False","19307805","19337195"
"237","objects/pack20/kingcobra_tank_1_3213240607.mdl",".mdl","0x67D3D9A2","29390","29262","0x10","True","False","19337195","19366585"
"238","objects/pack20/kingcobra_tank_1_832860972.mdl",".mdl","0x8A5809D0","29390","29262","0x10","True","False","19366585","19395975"
"239","objects/pack20/kingcobra_tank_1_840945242.mdl",".mdl","0xB8BD78AE","29390","29262","0x10","True","False","19395975","19425365"
"240","objects/pack20/kraken_helmet_1501844046.mdl",".mdl","0x5B2A00C5","239974","239846","0x10","True","False","19425365","19665339"
"241","objects/pack20/males_waist_285898457.mdl",".mdl","0x9A060299","2998","2870","0x10","True","False","19665339","19668337"
"242","objects/pack20/midscrew_rim_953198536.mdl",".mdl","0xA3E85DCC","89891","89763","0x10","True","False","19668337","19758228"
"243","objects/pack20/m_assassin_head_4168532637.mdl",".mdl","0x07FBEDBC","75630","75502","0x10","True","False","19758228","19833858"
"244","objects/pack20/m_assassin_legs_4006170044.mdl",".mdl","0x2D399863","163679","163551","0x10","True","False","19833858","19997537"
"245","objects/pack20/m_assassin_torso_3649172691.mdl",".mdl","0xE0A6B8E9","239978","239850","0x10","True","False","19997537","20237515"
"246","objects/pack20/paper_boy_back_swing_arm_1854192822.mdl",".mdl","0x4CA49289","13950","13822","0x10","True","False","20237515","20251465"
"247","objects/pack20/paper_boy_back_swing_arm_571438885.mdl",".mdl","0x6667D5CC","13940","13812","0x10","True","False","20251465","20265405"
"248","objects/pack20/paper_boy_frame_2475603437.mdl",".mdl","0x3B191BD7","40561","40433","0x10","True","False","20265405","20305966"
"249","objects/pack20/paper_boy_frame_4039117587.mdl",".mdl","0x1C8A6438","40551","40423","0x10","True","False","20305966","20346517"
"250","objects/pack20/paper_boy_steering_2388162944.mdl",".mdl","0x9C1B480C","81034","80906","0x10","True","False","20346517","20427551"
"251","objects/pack20/paper_boy_steering_3080541403.mdl",".mdl","0x90CD2823","81034","80906","0x10","True","False","20427551","20508585"
"252","objects/pack20/paper_boy_suspension_front_1239465507.mdl",".mdl","0xCF76B3AF","44231","44103","0x10","True","False","20508585","20552816"
"253","objects/pack20/paper_boy_suspension_front_2664734631.mdl",".mdl","0xE8F1EADB","44231","44103","0x10","True","False","20552816","20597047"
"254","objects/pack20/paper_boy_tire_front_1426200719.mdl",".mdl","0xE4BB7F7A","79702","79574","0x10","True","False","20597047","20676749"
"255","objects/pack20/paper_boy_tire_front_2932006178.mdl",".mdl","0x0CEC3E55","79707","79579","0x10","True","False","20676749","20756456"
"256","objects/pack20/paper_boy_tire_rear_17845080.mdl",".mdl","0xABC47AD8","80047","79919","0x10","True","False","20756456","20836503"
"257","objects/pack20/paper_boy_tire_rear_459597983.mdl",".mdl","0xCFBAE66B","80042","79914","0x10","True","False","20836503","20916545"
"258","objects/pack20/partyhat_2806575822.mdl",".mdl","0xC6D1E825","404516","404388","0x10","True","False","20916545","21321061"
"259","objects/pack20/patch_error_145547543.mdl",".mdl","0xA281222D","476","348","0x10","True","False","21321061","21321537"
"260","objects/pack20/pit_baggie_2596389856.mdl",".mdl","0xC25450C8","25861","25733","0x10","True","False","21321537","21347398"
"261","objects/pack20/pit_viper_tournament_helmet_2775270863.mdl",".mdl","0x51465154","10223","10095","0x10","True","False","21347398","21357621"
"262","objects/pack20/plague_doctor_helmet_1418654144.mdl",".mdl","0xF81FA56D","297602","297474","0x10","True","False","21357621","21655223"
"263","objects/pack20/punk_bottom_2662751547.mdl",".mdl","0x965356BE","180828","180700","0x10","True","False","21655223","21836051"
"264","objects/pack20/punk_helmet_3510672258.mdl",".mdl","0x4601B57A","69045","68917","0x10","True","False","21836051","21905096"
"265","objects/pack20/punk_top_585559476.mdl",".mdl","0x0CCF8882","281855","281727","0x10","True","False","21905096","22186951"
"266","objects/pack20/rabbit_helmet_3037162337.mdl",".mdl","0x7B2B3D4E","15760","15632","0x10","True","False","22186951","22202711"
"267","objects/pack20/rayman_front_fender_3894487405.mdl",".mdl","0xBA255022","12221","12093","0x10","True","False","22202711","22214932"
"268","objects/pack20/rayman_head_356907035.mdl",".mdl","0xC629D441","127100","126972","0x10","True","False","22214932","22342032"
"269","objects/pack20/rayman_head_light_1560067640.mdl",".mdl","0xADD533DA","25262","25134","0x10","True","False","22342032","22367294"
"270","objects/pack20/rayman_legs_4211770189.mdl",".mdl","0x25F981AF","115176","115048","0x10","True","False","22367294","22482470"
"271","objects/pack20/rayman_main_body_675957340.mdl",".mdl","0x980298F7","29756","29628","0x10","True","False","22482470","22512226"
"272","objects/pack20/rayman_pitviper_backswing_2354012321.mdl",".mdl","0x87476F7F","4976","4848","0x10","True","False","22512226","22517202"
"273","objects/pack20/rayman_pitviper_enginefender_2438278275.mdl",".mdl","0xDECD7BA0","31146","31018","0x10","True","False","22517202","22548348"
"274","objects/pack20/rayman_pitviper_headlight_4087115529.mdl",".mdl","0x67F2CF7D","8989","8861","0x10","True","False","22548348","22557337"
"275","objects/pack20/rayman_rearswing_3255823486.mdl",".mdl","0xA0500B67","8259","8131","0x10","True","False","22557337","22565596"
"276","objects/pack20/rayman_royal_rear_fender_399018738.mdl",".mdl","0xBA5CA172","22127","21999","0x10","True","False","22565596","22587723"
"277","objects/pack20/rayman_torso_1505252683.mdl",".mdl","0xA4F597CB","240916","240788","0x10","True","False","22587723","22828639"
"278","objects/pack20/rear_fender_combo_3182902181.mdl",".mdl","0xC4D1C48A","55095","54967","0x10","True","False","22828639","22883734"
"279","objects/pack20/rear_suspension_2718125065.mdl",".mdl","0x97C848A1","44138","44010","0x10","True","False","22883734","22927872"
"280","objects/pack20/rear_tire_791925862.mdl",".mdl","0xE5F3BE99","51456","51328","0x10","True","False","22927872","22979328"
"281","objects/pack20/rims_spittingout_558547449.mdl",".mdl","0x68F7F09C","77638","77510","0x10","True","False","22979328","23056966"
"282","objects/pack20/roach_2220173377.mdl",".mdl","0x1B458E3B","51834","51706","0x10","True","False","23056966","23108800"
"283","objects/pack20/steering_2947863851.mdl",".mdl","0x62B26F12","77623","77495","0x10","True","False","23108800","23186423"
"284","objects/pack20/sumie_rim_1044430566.mdl",".mdl","0x42C8D73A","71258","71130","0x10","True","False","23186423","23257681"
"285","objects/pack20/tank_cover_new_1679002299.mdl",".mdl","0xF71D24BE","19518","19390","0x10","True","False","23257681","23277199"
"286","objects/pack20/tank_cover_new_190527429.mdl",".mdl","0x67066C58","19516","19388","0x10","True","False","23277199","23296715"
"287","objects/pack20/tank_cover_new_4117228695.mdl",".mdl","0xDBA98379","19518","19390","0x10","True","False","23296715","23316233"
"288","objects/pack20/tko_panda_helmet_3972987864.mdl",".mdl","0x7638510A","12140","12012","0x10","True","False","23316233","23328373"
"289","objects/pack20/unicornbike_3088574479.mdl",".mdl","0xC81A50EB","323200","323072","0x10","True","False","23328373","23651573"
"290","objects/pack20/uzumaki_rim_1_3644169342.mdl",".mdl","0xE472F60C","28403","28275","0x10","True","False","23651573","23679976"
"291","objects/pack20/uzumaki_rim_2_1584558215.mdl",".mdl","0xBEB2D626","27896","27768","0x10","True","False","23679976","23707872"
"292","pack20/awards.xml",".xml","0x3DF47580","190","62","0x10","True","False","23707872","23708062"
"293","pack20/awards_metadata.xml",".xml","0xA3F69636","191","63","0x10","True","False","23708062","23708253"
"294","pack20/bikes.xml",".xml","0x10715816","364","401","0x11","True","True","23708253","23708617"
"295","pack20/editortips.xml",".xml","0xC79A571C","196","77","0x11","True","True","23708617","23708813"
"296","pack20/events.xml",".xml","0xEEF5EA54","377","1464","0x11","True","True","23708813","23709190"
"297","pack20/gear.xml",".xml","0x0A198C45","189","61","0x10","True","False","23709190","23709379"
"298","pack20/icons.xml",".xml","0x0C7246FD","489","876","0x11","True","True","23709379","23709868"
"299","pack20/items.xml",".xml","0xDB538D30","12273","123579","0x11","True","True","23709868","23722141"
"300","pack20/mpprizes.csv",".csv","0xE86D43CA","159","250","0x11","True","True","23722141","23722300"
"301","pack20/objectgroups.xml",".xml","0x27119DA7","161","33","0x10","True","False","23722300","23722461"
"302","pack20/objectremaps.xml",".xml","0x2FBA9348","401","516","0x11","True","True","23722461","23722862"
"303","pack20/objects.xml",".xml","0x18630D86","495","725","0x11","True","True","23722862","23723357"
"304","pack20/prizes.csv",".csv","0x8E6A25F3","714","1526","0x11","True","True","23723357","23724071"
"305","pack20/soundproject.xml",".xml","0xD3EB5538","160","32","0x10","True","False","23724071","23724231"
"306","pack20/squirrels.xml",".xml","0x7B9675FF","315","247","0x11","True","True","23724231","23724546"
"307","pack20/tracks.xml",".xml","0x7311E077","1044","4403","0x11","True","True","23724546","23725590"
"308","pack20/tricks.xml",".xml","0x88F133A7","198","70","0x10","True","False","23725590","23725788"
"309","packinfo/pack.xml",".xml","0x16077750","247","132","0x11","True","True","23725788","23726035"
"310","patch20/characters/apocalypse_mask/apocalypse_mask.gfx",".gfx","0xC1408077","259","433","0x11","True","True","23726035","23726294"
"311","patch20/characters/arno/arno_head.gfx",".gfx","0xE071018C","250","427","0x11","True","True","23726294","23726544"
"312","patch20/characters/arno/arno_legs.gfx",".gfx","0x72C616CD","266","427","0x11","True","True","23726544","23726810"
"313","patch20/characters/arno/arno_torso.gfx",".gfx","0x1B275455","257","433","0x11","True","True","23726810","23727067"
"314","patch20/characters/barbara_outfit/barbara_helmet.gfx",".gfx","0xC463851B","253","430","0x11","True","True","23727067","23727320"
"315","patch20/characters/barbara_outfit/barbara_legs.gfx",".gfx","0xE67DC6DB","253","430","0x11","True","True","23727320","23727573"
"316","patch20/characters/barbara_outfit/barbara_torso.gfx",".gfx","0x4DECCDC4","254","431","0x11","True","True","23727573","23727827"
"317","patch20/characters/bounty_hunter/bounty_hunter_helmet.gfx",".gfx","0x76F6A5CE","259","436","0x11","True","True","23727827","23728086"
"318","patch20/characters/bounty_hunter/bounty_hunter_legs.gfx",".gfx","0xDB5B2B7E","296","585","0x11","True","True","23728086","23728382"
"319","patch20/characters/bounty_hunter/bounty_hunter_torso.gfx",".gfx","0xD066C701","305","594","0x11","True","True","23728382","23728687"
"320","patch20/characters/cat_rider/catrider_still.gfx",".gfx","0xA2B67B93","464","1177","0x11","True","True","23728687","23729151"
"321","patch20/characters/cat_rider/cat_rider.gfx",".gfx","0xAFE4C925","254","427","0x11","True","True","23729151","23729405"
"322","patch20/characters/cat_rider/cat_rider_2.gfx",".gfx","0x348B8D7A","257","429","0x11","True","True","23729405","23729662"
"323","patch20/characters/cat_rider/cat_rider_empty_1.gfx",".gfx","0x5A6C6693","213","278","0x11","True","True","23729662","23729875"
"324","patch20/characters/cat_rider/cat_rider_empty_2.gfx",".gfx","0x92444BA6","213","278","0x11","True","True","23729875","23730088"
"325","patch20/characters/clara/clara_head.gfx",".gfx","0x9806A972","253","428","0x11","True","True","23730088","23730341"
"326","patch20/characters/clara/clara_legs.gfx",".gfx","0x2CEAF96F","253","428","0x11","True","True","23730341","23730594"
"327","patch20/characters/clara/clara_torso.gfx",".gfx","0xDFFF6EED","253","429","0x11","True","True","23730594","23730847"
"328","patch20/characters/cyborg_helmet/cyborg_helmet.gfx",".gfx","0xAF350676","258","431","0x11","True","True","23730847","23731105"
"329","patch20/characters/dapper/dapper_helmet.gfx",".gfx","0xEC0DE860","255","431","0x11","True","True","23731105","23731360"
"330","patch20/characters/dapper/dapper_legs.gfx",".gfx","0x0AB1EFAB","253","427","0x11","True","True","23731360","23731613"
"331","patch20/characters/dapper/dapper_torso.gfx",".gfx","0x5E20F351","302","589","0x11","True","True","23731613","23731915"
"332","patch20/characters/dapper_pug/dapper_pug.gfx",".gfx","0x60B457EB","253","428","0x11","True","True","23731915","23732168"
"333","patch20/characters/elise/elise_head.gfx",".gfx","0xADF4FB6F","317","727","0x11","True","True","23732168","23732485"
"334","patch20/characters/elise/elise_legs.gfx",".gfx","0x42D94B6C","252","428","0x11","True","True","23732485","23732737"
"335","patch20/characters/elise/elise_torso.gfx",".gfx","0x5A04AF52","253","429","0x11","True","True","23732737","23732990"
"336","patch20/characters/femaleoutfit_1/female_outfit_1_bottom.gfx",".gfx","0x43E97F7E","302","594","0x11","True","True","23732990","23733292"
"337","patch20/characters/femaleoutfit_1/female_outfit_1_helmet.gfx",".gfx","0x75763B9F","263","440","0x11","True","True","23733292","23733555"
"338","patch20/characters/femaleoutfit_1/female_outfit_1_top.gfx",".gfx","0x9D4AE1D0","298","590","0x11","True","True","23733555","23733853"
"339","patch20/characters/female_apocalypse_rider/female_apocalypse_rider_helmet.gfx",".gfx","0x88F08CE1","264","441","0x11","True","True","23733853","23734117"
"340","patch20/characters/female_apocalypse_rider/female_apocalypse_rider_legs.gfx",".gfx","0x4EAC56D7","339","751","0x11","True","True","23734117","23734456"
"341","patch20/characters/female_apocalypse_rider/female_apocalypse_rider_torso.gfx",".gfx","0xEDD33978","305","593","0x11","True","True","23734456","23734761"
"342","patch20/characters/female_assassin/female_assassin_helmet.gfx",".gfx","0x426B8627","262","440","0x11","True","True","23734761","23735023"
"343","patch20/characters/female_assassin/female_assassin_legs.gfx",".gfx","0xBE3CA5C8","299","593","0x11","True","True","23735023","23735322"
"344","patch20/characters/female_assassin/female_assassin_torso.gfx",".gfx","0x72A50697","308","603","0x11","True","True","23735322","23735630"
"345","patch20/characters/female_indian/female_indian_helmet.gfx",".gfx","0x2CE3EF75","264","439","0x11","True","True","23735630","23735894"
"346","patch20/characters/female_indian/female_indian_legs.gfx",".gfx","0x6926967E","298","590","0x11","True","True","23735894","23736192"
"347","patch20/characters/female_indian/female_indian_torso.gfx",".gfx","0xACEB213C","295","595","0x11","True","True","23736192","23736487"
"348","patch20/characters/female_officer/female_officer_helmet.gfx",".gfx","0xA80EE297","263","439","0x11","True","True","23736487","23736750"
"349","patch20/characters/female_officer/female_officer_legs.gfx",".gfx","0x75F722CB","297","591","0x11","True","True","23736750","23737047"
"350","patch20/characters/female_officer/female_officer_torso.gfx",".gfx","0x1A7180D7","300","591","0x11","True","True","23737047","23737347"
"351","patch20/characters/female_tech/female_tech_bottom.gfx",".gfx","0xDFE7D860","298","590","0x11","True","True","23737347","23737645"
"352","patch20/characters/female_tech/female_tech_helmet.gfx",".gfx","0x9CB762CA","263","436","0x11","True","True","23737645","23737908"
"353","patch20/characters/female_tech/female_tech_top.gfx",".gfx","0x4FD52D19","290","586","0x11","True","True","23737908","23738198"
"354","patch20/characters/garage_rider_female.gfx",".gfx","0x5C89CA87","43969","63334","0x11","True","True","23738198","23782167"
"355","patch20/characters/horror_mask/horror_mask.gfx",".gfx","0xD473C333","253","429","0x11","True","True","23782167","23782420"
"356","patch20/characters/kraken_helmet/kraken_helmet.gfx",".gfx","0xFC40E519","257","431","0x11","True","True","23782420","23782677"
"357","patch20/characters/male_assassin/m_assassin_head.gfx",".gfx","0x4538C18B","267","446","0x11","True","True","23782677","23782944"
"358","patch20/characters/male_assassin/m_assassin_legs.gfx",".gfx","0x257D6C26","292","582","0x11","True","True","23782944","23783236"
"359","patch20/characters/male_assassin/m_assassin_torso.gfx",".gfx","0xBDE44635","287","578","0x11","True","True","23783236","23783523"
"360","patch20/characters/male_punk/male_punk_head.gfx",".gfx","0x9D6AB361","258","434","0x11","True","True","23783523","23783781"
"361","patch20/characters/male_punk/male_punk_legs.gfx",".gfx","0x812EBEBF","293","583","0x11","True","True","23783781","23784074"
"362","patch20/characters/male_punk/male_punk_torso.gfx",".gfx","0xA79F696D","303","588","0x11","True","True","23784074","23784377"
"363","patch20/characters/partyhat/partyhat.gfx",".gfx","0x0A9026D2","250","426","0x11","True","True","23784377","23784627"
"364","patch20/characters/pit_baggie/pit_baggie.gfx",".gfx","0xADBECEF3","253","428","0x11","True","True","23784627","23784880"
"365","patch20/characters/pit_viper_tournament_helmet/pit_viper_tournament_helmet.gfx",".gfx","0x6AEEAFC7","269","445","0x11","True","True","23784880","23785149"
"366","patch20/characters/plague_doctor_helmet/plague_doctor_helmet.gfx",".gfx","0x82808A6E","262","438","0x11","True","True","23785149","23785411"
"367","patch20/characters/podium_rider.gfx",".gfx","0x3A94547E","2708482","3456812","0x11","True","True","23785411","26493893"
"368","patch20/characters/podium_unicorncat.gfx",".gfx","0x1082452F","71027","101035","0x11","True","True","26493893","26564920"
"369","patch20/characters/rabbit_helmet/rabbit_helmet.gfx",".gfx","0x4DD71D3D","255","431","0x11","True","True","26564920","26565175"
"370","patch20/characters/rayman_outfit_1/rayman_helmet.gfx",".gfx","0xC5A0C919","253","429","0x11","True","True","26565175","26565428"
"371","patch20/characters/rayman_outfit_1/rayman_legs.gfx",".gfx","0x18CED6F4","285","571","0x11","True","True","26565428","26565713"
"372","patch20/characters/rayman_outfit_1/rayman_torso.gfx",".gfx","0x6FDBF7BF","301","587","0x11","True","True","26565713","26566014"
"373","patch20/characters/roach/roach.gfx",".gfx","0x9B2F6BAC","247","423","0x11","True","True","26566014","26566261"
"374","patch20/characters/tko_panda_helmet/tko_panda_helmet.gfx",".gfx","0x933EC809","258","434","0x11","True","True","26566261","26566519"
"375","patch20/characters/unicorn.gfx",".gfx","0x08BA4BAF","66843","121369","0x11","True","True","26566519","26633362"
"376","patch20/characters/watch_dogs_aiden/watchdogs_aiden_bottom.gfx",".gfx","0xE34431E4","253","428","0x11","True","True","26633362","26633615"
"377","patch20/characters/watch_dogs_aiden/watchdogs_aiden_head.gfx",".gfx","0x192E159F","251","426","0x11","True","True","26633615","26633866"
"378","patch20/characters/watch_dogs_aiden/watchdogs_aiden_top.gfx",".gfx","0x955B8232","248","425","0x11","True","True","26633866","26634114"
"379","patch20/patch_error.gfx",".gfx","0xFAA02BE8","254","429","0x11","True","True","26634114","26634368"
"380","patch20/rims/clockwork_rim/clockwork_rims.gfx",".gfx","0x7080142E","377","1185","0x11","True","True","26634368","26634745"
"381","patch20/rims/componential_rim_1/componential_rim_back.gfx",".gfx","0xDBCDCF84","496","1989","0x11","True","True","26634745","26635241"
"382","patch20/rims/componential_rim_1/componential_rim_front.gfx",".gfx","0xE2D4F71E","499","1998","0x11","True","True","26635241","26635740"
"383","patch20/rims/componential_rim_2/componential_rim_2.gfx",".gfx","0x08136473","394","1197","0x11","True","True","26635740","26636134"
"384","patch20/rims/evility_rim/evility_rim.gfx",".gfx","0xB964C483","388","1197","0x11","True","True","26636134","26636522"
"385","patch20/rims/fusion_rim/fusion_rim.gfx",".gfx","0xB272D1CF","381","1186","0x11","True","True","26636522","26636903"
"386","patch20/rims/holograph_rim/holograph_rim.gfx",".gfx","0x429CBF75","395","1185","0x11","True","True","26636903","26637298"
"387","patch20/rims/rimsgrinder/rimsgrinder.gfx",".gfx","0x3C9207E3","399","1184","0x11","True","True","26637298","26637697"
"388","patch20/rims/spittingout_rim/spittingout_rims.gfx",".gfx","0x377A22AA","391","1194","0x11","True","True","26637697","26638088"
"389","patch20/rims/sumie_rim/sumie_rim.gfx",".gfx","0x4C92B7C3","384","1169","0x11","True","True","26638088","26638472"
"390","patch20/rims/themindscrew_rim/themindscrew_rim.gfx",".gfx","0x3C0F4112","397","1184","0x11","True","True","26638472","26638869"
"391","patch20/rims/uzumaki_rim/uzumaki_rim.gfx",".gfx","0xC5BDFA90","374","1185","0x11","True","True","26638869","26639243"
"392","patch20/sfx/bike/unicorn_fire.gfx",".gfx","0x91EB598C","1733","5429","0x11","True","True","26639243","26640976"
"393","patch20/sfx/bike/unicorn_rainbow.gfx",".gfx","0x8CB47215","791","1686","0x11","True","True","26640976","26641767"
"394","patch20/tools/controller/controller_b_1.gfx",".gfx","0x8DF4338E","291","462","0x11","True","True","26641767","26642058"
"395","patch20/tools/controller/ps4/controller_b_1.gfx",".gfx","0xD8EAD80A","290","461","0x11","True","True","26642058","26642348"
"396","patch20/tools/controller/xbox/controller_b_1.gfx",".gfx","0x2E0B859A","291","462","0x11","True","True","26642348","26642639"
"397","patch20/vehicles/bikes/baggie_80s/minx_80s_back_swing_arm_1.gfx",".gfx","0xF45F1F0D","397","1071","0x11","True","True","26642639","26643036"
"398","patch20/vehicles/bikes/baggie_80s/minx_80s_engine_1.gfx",".gfx","0xFC3176FE","259","434","0x11","True","True","26643036","26643295"
"399","patch20/vehicles/bikes/baggie_80s/minx_80s_engine_fender_1.gfx",".gfx","0x05733127","275","462","0x11","True","True","26643295","26643570"
"400","patch20/vehicles/bikes/baggie_80s/minx_80s_exhaust_1.gfx",".gfx","0xA60AD54A","258","435","0x11","True","True","26643570","26643828"
"401","patch20/vehicles/bikes/baggie_80s/minx_80s_fender_front_1.gfx",".gfx","0x30D819EE","264","440","0x11","True","True","26643828","26644092"
"402","patch20/vehicles/bikes/baggie_80s/minx_80s_fender_rear_1.gfx",".gfx","0x6AC3D890","263","439","0x11","True","True","26644092","26644355"
"403","patch20/vehicles/bikes/baggie_80s/minx_80s_frame_1.gfx",".gfx","0xE48FDE0A","256","433","0x11","True","True","26644355","26644611"
"404","patch20/vehicles/bikes/baggie_80s/minx_80s_front_suspension_1.gfx",".gfx","0x2D3BF8C1","265","444","0x11","True","True","26644611","26644876"
"405","patch20/vehicles/bikes/baggie_80s/minx_80s_head_light_1.gfx",".gfx","0x5B0FF1EE","262","438","0x11","True","True","26644876","26645138"
"406","patch20/vehicles/bikes/baggie_80s/minx_80s_seat_1.gfx",".gfx","0x45337A29","256","432","0x11","True","True","26645138","26645394"
"407","patch20/vehicles/bikes/baggie_80s/minx_80s_steering_1.gfx",".gfx","0x5B107DDF","300","596","0x11","True","True","26645394","26645694"
"408","patch20/vehicles/bikes/baggie_80s/minx_80s_tank_1.gfx",".gfx","0x39C87AAE","270","453","0x11","True","True","26645694","26645964"
"409","patch20/vehicles/bikes/bike_donkey_1.gfx",".gfx","0x955BED76","6564","22121","0x11","True","True","26645964","26652528"
"410","patch20/vehicles/bikes/bike_unicorn.gfx",".gfx","0x0DE6F222","7472","26161","0x11","True","True","26652528","26660000"
"411","patch20/vehicles/bikes/donkey_bike/donkey_frame_1.gfx",".gfx","0xF7B8B1EA","245","422","0x11","True","True","26660000","26660245"
"412","patch20/vehicles/bikes/donkey_bike/donkey_front_suspension_1.gfx",".gfx","0x0A7AF40C","255","434","0x11","True","True","26660245","26660500"
"413","patch20/vehicles/bikes/donkey_bike/donkey_front_tire_1.gfx",".gfx","0x1B415EC7","252","428","0x11","True","True","26660500","26660752"
"414","patch20/vehicles/bikes/donkey_bike/donkey_rear_suspension_1.gfx",".gfx","0x486FBC03","253","433","0x11","True","True","26660752","26661005"
"415","patch20/vehicles/bikes/donkey_bike/donkey_rear_tire_1.gfx",".gfx","0xE0113FBB","249","427","0x11","True","True","26661005","26661254"
"416","patch20/vehicles/bikes/donkey_bike/donkey_steering_1.gfx",".gfx","0xE17B0B45","251","426","0x11","True","True","26661254","26661505"
"417","patch20/vehicles/bikes/garage_donkey_1.gfx",".gfx","0x2D504CBD","1769","5586","0x11","True","True","26661505","26663274"
"418","patch20/vehicles/bikes/garage_unicorn.gfx",".gfx","0x835E2719","1345","4535","0x11","True","True","26663274","26664619"
"419","patch20/vehicles/bikes/pitvipercomicbook/cheetah_comicbook_backswing_1.gfx",".gfx","0x3BBD3DDF","401","1070","0x11","True","True","26664619","26665020"
"420","patch20/vehicles/bikes/pitvipercomicbook/cheetah_comicbook_engine_1.gfx",".gfx","0x7A7B4D6C","257","432","0x11","True","True","26665020","26665277"
"421","patch20/vehicles/bikes/pitvipercomicbook/cheetah_comicbook_engine_fender_1.gfx",".gfx","0x2CCD2146","306","605","0x11","True","True","26665277","26665583"
"422","patch20/vehicles/bikes/pitvipercomicbook/cheetah_comicbook_exhaust_1.gfx",".gfx","0xB9CD4E96","256","433","0x11","True","True","26665583","26665839"
"423","patch20/vehicles/bikes/pitvipercomicbook/cheetah_comicbook_fender_front_1.gfx",".gfx","0x5507F76B","302","438","0x11","True","True","26665839","26666141"
"424","patch20/vehicles/bikes/pitvipercomicbook/cheetah_comicbook_fender_rear_1.gfx",".gfx","0x925B72B1","294","595","0x11","True","True","26666141","26666435"
"425","patch20/vehicles/bikes/pitvipercomicbook/cheetah_comicbook_frame_1.gfx",".gfx","0x2D0F0ADE","289","587","0x11","True","True","26666435","26666724"
"426","patch20/vehicles/bikes/pitvipercomicbook/cheetah_comicbook_front_suspension_1.gfx",".gfx","0xEE6825D2","264","442","0x11","True","True","26666724","26666988"
"427","patch20/vehicles/bikes/pitvipercomicbook/cheetah_comicbook_headlight_1.gfx",".gfx","0xE48C05E0","424","742","0x11","True","True","26666988","26667412"
"428","patch20/vehicles/bikes/pitvipercomicbook/cheetah_comicbook_steering_1.gfx",".gfx","0x274AEFBA","335","766","0x11","True","True","26667412","26667747"
"429","patch20/vehicles/bikes/pitviperevo/cheetah_evo_backswing_1.gfx",".gfx","0x061DBCE3","402","1072","0x11","True","True","26667747","26668149"
"430","patch20/vehicles/bikes/pitviperevo/cheetah_evo_engine_1.gfx",".gfx","0x141B0A12","257","432","0x11","True","True","26668149","26668406"
"431","patch20/vehicles/bikes/pitviperevo/cheetah_evo_engine_fender_1.gfx",".gfx","0x9B7D7FAE","309","605","0x11","True","True","26668406","26668715"
"432","patch20/vehicles/bikes/pitviperevo/cheetah_evo_exhaust_1.gfx",".gfx","0x0DAC7570","256","433","0x11","True","True","26668715","26668971"
"433","patch20/vehicles/bikes/pitviperevo/cheetah_evo_fender_front_1.gfx",".gfx","0x43D3CB28","308","438","0x11","True","True","26668971","26669279"
"434","patch20/vehicles/bikes/pitviperevo/cheetah_evo_fender_rear_1.gfx",".gfx","0xE74930E4","294","595","0x11","True","True","26669279","26669573"
"435","patch20/vehicles/bikes/pitviperevo/cheetah_evo_frame_1.gfx",".gfx","0x0669BCF0","288","587","0x11","True","True","26669573","26669861"
"436","patch20/vehicles/bikes/pitviperevo/cheetah_evo_front_suspension_1.gfx",".gfx","0xF80465EC","264","442","0x11","True","True","26669861","26670125"
"437","patch20/vehicles/bikes/pitviperevo/cheetah_evo_headlight_1.gfx",".gfx","0x063EC573","424","742","0x11","True","True","26670125","26670549"
"438","patch20/vehicles/bikes/pitviperevo/cheetah_evo_steering_1.gfx",".gfx","0x4B8C1CA9","335","766","0x11","True","True","26670549","26670884"
"439","patch20/vehicles/bikes/pitvipergold/cheetah_gold_backswing_1.gfx",".gfx","0x4390392D","401","1070","0x11","True","True","26670884","26671285"
"440","patch20/vehicles/bikes/pitvipergold/cheetah_gold_engine_1.gfx",".gfx","0xFE3A47D2","257","432","0x11","True","True","26671285","26671542"
"441","patch20/vehicles/bikes/pitvipergold/cheetah_gold_engine_fender_1.gfx",".gfx","0x76B126E8","264","439","0x11","True","True","26671542","26671806"
"442","patch20/vehicles/bikes/pitvipergold/cheetah_gold_exhaust_1.gfx",".gfx","0x58DBB4B8","256","433","0x11","True","True","26671806","26672062"
"443","patch20/vehicles/bikes/pitvipergold/cheetah_gold_fender_front_1.gfx",".gfx","0xD886E847","303","438","0x11","True","True","26672062","26672365"
"444","patch20/vehicles/bikes/pitvipergold/cheetah_gold_fender_rear_1.gfx",".gfx","0x2F022799","260","435","0x11","True","True","26672365","26672625"
"445","patch20/vehicles/bikes/pitvipergold/cheetah_gold_frame_1.gfx",".gfx","0x311EE242","290","589","0x11","True","True","26672625","26672915"
"446","patch20/vehicles/bikes/pitvipergold/cheetah_gold_front_suspension_1.gfx",".gfx","0xBA0D5270","264","442","0x11","True","True","26672915","26673179"
"447","patch20/vehicles/bikes/pitvipergold/cheetah_gold_headlight_1.gfx",".gfx","0x74A60A61","424","742","0x11","True","True","26673179","26673603"
"448","patch20/vehicles/bikes/pitvipergold/cheetah_gold_seat_1.gfx",".gfx","0xBB8348CD","254","430","0x11","True","True","26673603","26673857"
"449","patch20/vehicles/bikes/pitvipergold/cheetah_gold_steering_1.gfx",".gfx","0xD197A371","335","766","0x11","True","True","26673857","26674192"
"450","patch20/vehicles/bikes/pitvipergold/cheetah_gold_tank_1.gfx",".gfx","0x5585A0D8","255","430","0x11","True","True","26674192","26674447"
"451","patch20/vehicles/bikes/pitviperwatchdogs/cheetah_watchdogs_backswing_1.gfx",".gfx","0x922E09DA","402","1072","0x11","True","True","26674447","26674849"
"452","patch20/vehicles/bikes/pitviperwatchdogs/cheetah_watchdogs_engine_1.gfx",".gfx","0x6C60D2CC","257","432","0x11","True","True","26674849","26675106"
"453","patch20/vehicles/bikes/pitviperwatchdogs/cheetah_watchdogs_exhaust_1.gfx",".gfx","0x0EBBEB78","256","433","0x11","True","True","26675106","26675362"
"454","patch20/vehicles/bikes/pitviperwatchdogs/cheetah_watchdogs_fender_front_1.gfx",".gfx","0xF34409DD","301","438","0x11","True","True","26675362","26675663"
"455","patch20/vehicles/bikes/pitviperwatchdogs/cheetah_watchdogs_fender_rear_1.gfx",".gfx","0xBF2E6D8F","294","595","0x11","True","True","26675663","26675957"
"456","patch20/vehicles/bikes/pitviperwatchdogs/cheetah_watchdogs_frame_1.gfx",".gfx","0x759B78BD","289","587","0x11","True","True","26675957","26676246"
"457","patch20/vehicles/bikes/pitviperwatchdogs/cheetah_watchdogs_front_suspension_1.gfx",".gfx","0x45D8964F","264","442","0x11","True","True","26676246","26676510"
"458","patch20/vehicles/bikes/pitviperwatchdogs/cheetah_watchdogs_headlight_1.gfx",".gfx","0x3AFCD1DB","424","742","0x11","True","True","26676510","26676934"
"459","patch20/vehicles/bikes/pitviperwatchdogs/cheetah_watchdogs_seat_1.gfx",".gfx","0xE50D85F3","254","430","0x11","True","True","26676934","26677188"
"460","patch20/vehicles/bikes/pitviperwatchdogs/cheetah_watchdogs_steering_1.gfx",".gfx","0x2B02A412","335","766","0x11","True","True","26677188","26677523"
"461","patch20/vehicles/bikes/pitviperwatchdogs/cheetah_watchdogs_tank_1.gfx",".gfx","0x8452B2FF","294","584","0x11","True","True","26677523","26677817"
"462","patch20/vehicles/bikes/rabbitbmx/paper_boy_bmx_back_swing_arm_1.gfx",".gfx","0x9E56E3E5","366","911","0x11","True","True","26677817","26678183"
"463","patch20/vehicles/bikes/rabbitbmx/paper_boy_bmx_frame_1.gfx",".gfx","0x2EDEC677","296","592","0x11","True","True","26678183","26678479"
"464","patch20/vehicles/bikes/rabbitbmx/paper_boy_bmx_steering_1.gfx",".gfx","0x69942B15","353","752","0x11","True","True","26678479","26678832"
"465","patch20/vehicles/bikes/rabbitbmx/paper_boy_bmx_suspension_front_1.gfx",".gfx","0xD9AE2E5E","267","444","0x11","True","True","26678832","26679099"
"466","patch20/vehicles/bikes/rabbitbmx/paper_boy_bmx_tire_front_1.gfx",".gfx","0x807BD15D","300","602","0x11","True","True","26679099","26679399"
"467","patch20/vehicles/bikes/rabbitbmx/paper_boy_bmx_tire_rear_1.gfx",".gfx","0x1A20BA71","327","757","0x11","True","True","26679399","26679726"
"468","patch20/vehicles/bikes/rabbitwildcat/paper_boy_wildcat_back_swing_arm_1.gfx",".gfx","0x846B7A1E","364","909","0x11","True","True","26679726","26680090"
"469","patch20/vehicles/bikes/rabbitwildcat/paper_boy_wildcat_frame_1.gfx",".gfx","0x9B04D4C1","294","590","0x11","True","True","26680090","26680384"
"470","patch20/vehicles/bikes/rabbitwildcat/paper_boy_wildcat_steering_1.gfx",".gfx","0xAADC8E53","351","750","0x11","True","True","26680384","26680735"
"471","patch20/vehicles/bikes/rabbitwildcat/paper_boy_wildcat_suspension_front_1.gfx",".gfx","0x1E1284D6","265","442","0x11","True","True","26680735","26681000"
"472","patch20/vehicles/bikes/rabbitwildcat/paper_boy_wildcat_tire_front_1.gfx",".gfx","0x8D2296E0","298","600","0x11","True","True","26681000","26681298"
"473","patch20/vehicles/bikes/rabbitwildcat/paper_boy_wildcat_tire_rear_1.gfx",".gfx","0xE1A65774","325","755","0x11","True","True","26681298","26681623"
"474","patch20/vehicles/bikes/rayman_pitviper/rayman_pitviper_backswing.gfx",".gfx","0x6788E905","443","1243","0x11","True","True","26681623","26682066"
"475","patch20/vehicles/bikes/rayman_pitviper/rayman_pitviper_enginefender.gfx",".gfx","0xB753A323","271","446","0x11","True","True","26682066","26682337"
"476","patch20/vehicles/bikes/rayman_pitviper/rayman_pitviper_fender_front.gfx",".gfx","0x81EBFC66","262","438","0x11","True","True","26682337","26682599"
"477","patch20/vehicles/bikes/rayman_pitviper/rayman_pitviper_fender_rear.gfx",".gfx","0x69A70491","261","437","0x11","True","True","26682599","26682860"
"478","patch20/vehicles/bikes/rayman_pitviper/rayman_pitviper_headlight.gfx",".gfx","0x2172B117","302","600","0x11","True","True","26682860","26683162"
"479","patch20/vehicles/bikes/rayman_pitviper/rayman_pitviper_tank.gfx",".gfx","0x34B9A84A","255","430","0x11","True","True","26683162","26683417"
"480","patch20/vehicles/bikes/rayman_roach/rayman_roach_engine.gfx",".gfx","0xA4188511","260","436","0x11","True","True","26683417","26683677"
"481","patch20/vehicles/bikes/rayman_roach/rayman_roach_engine_fender.gfx",".gfx","0x1C43F7A4","267","443","0x11","True","True","26683677","26683944"
"482","patch20/vehicles/bikes/rayman_roach/rayman_roach_exhaust.gfx",".gfx","0xB345FCD7","276","442","0x11","True","True","26683944","26684220"
"483","patch20/vehicles/bikes/rayman_roach/rayman_roach_frame.gfx",".gfx","0xCE703B88","343","743","0x11","True","True","26684220","26684563"
"484","patch20/vehicles/bikes/rayman_roach/rayman_roach_front_fender.gfx",".gfx","0x5F7A17D9","212","278","0x11","True","True","26684563","26684775"
"485","patch20/vehicles/bikes/rayman_roach/rayman_roach_front_suspension.gfx",".gfx","0x3F5EA935","332","603","0x11","True","True","26684775","26685107"
"486","patch20/vehicles/bikes/rayman_roach/rayman_roach_head_light.gfx",".gfx","0xF289178B","441","742","0x11","True","True","26685107","26685548"
"487","patch20/vehicles/bikes/rayman_roach/rayman_roach_rear_fender.gfx",".gfx","0x15C53B53","276","442","0x11","True","True","26685548","26685824"
"488","patch20/vehicles/bikes/rayman_roach/rayman_roach_steering.gfx",".gfx","0x588CECE5","261","438","0x11","True","True","26685824","26686085"
"489","patch20/vehicles/bikes/rayman_roach/rayman_roach_swing_arm.gfx",".gfx","0xB64FD675","427","1073","0x11","True","True","26686085","26686512"
"490","patch20/vehicles/bikes/roachac/kingcobra_ac_engine_1.gfx",".gfx","0x408F10C6","260","436","0x11","True","True","26686512","26686772"
"491","patch20/vehicles/bikes/roachac/kingcobra_ac_engine_fender_1.gfx",".gfx","0x3EF762D1","268","443","0x11","True","True","26686772","26687040"
"492","patch20/vehicles/bikes/roachac/kingcobra_ac_exhaust_pipe_1.gfx",".gfx","0x3D81AD9C","276","442","0x11","True","True","26687040","26687316"
"493","patch20/vehicles/bikes/roachac/kingcobra_ac_frame_1.gfx",".gfx","0x56D26469","293","591","0x11","True","True","26687316","26687609"
"494","patch20/vehicles/bikes/roachac/kingcobra_ac_front_fender_1.gfx",".gfx","0xD75693E8","266","442","0x11","True","True","26687609","26687875"
"495","patch20/vehicles/bikes/roachac/kingcobra_ac_front_suspension_1.gfx",".gfx","0x4AB49C21","270","446","0x11","True","True","26687875","26688145"
"496","patch20/vehicles/bikes/roachac/kingcobra_ac_head_light_1.gfx",".gfx","0x27EB872A","414","733","0x11","True","True","26688145","26688559"
"497","patch20/vehicles/bikes/roachac/kingcobra_ac_rear_fender_1.gfx",".gfx","0xD0975F14","309","608","0x11","True","True","26688559","26688868"
"498","patch20/vehicles/bikes/roachac/kingcobra_ac_seat_1.gfx",".gfx","0x3E4D9287","259","434","0x11","True","True","26688868","26689127"
"499","patch20/vehicles/bikes/roachac/kingcobra_ac_steering_1.gfx",".gfx","0xD7FE8DFA","261","438","0x11","True","True","26689127","26689388"
"500","patch20/vehicles/bikes/roachac/kingcobra_ac_swing_arm_1.gfx",".gfx","0x0F8BBA46","379","921","0x11","True","True","26689388","26689767"
"501","patch20/vehicles/bikes/roachhorror/kingcobra_horror_engine_1.gfx",".gfx","0x20B196D6","260","436","0x11","True","True","26689767","26690027"
"502","patch20/vehicles/bikes/roachhorror/kingcobra_horror_engine_fender_1.gfx",".gfx","0x34E5C881","267","443","0x11","True","True","26690027","26690294"
"503","patch20/vehicles/bikes/roachhorror/kingcobra_horror_exhaust_pipe_1.gfx",".gfx","0xB2C403F0","276","442","0x11","True","True","26690294","26690570"
"504","patch20/vehicles/bikes/roachhorror/kingcobra_horror_frame_1.gfx",".gfx","0x8E5C3560","293","591","0x11","True","True","26690570","26690863"
"505","patch20/vehicles/bikes/roachhorror/kingcobra_horror_front_fender_1.gfx",".gfx","0xFCA691DA","266","442","0x11","True","True","26690863","26691129"
"506","patch20/vehicles/bikes/roachhorror/kingcobra_horror_front_suspension_1.gfx",".gfx","0x167B97D1","270","446","0x11","True","True","26691129","26691399"
"507","patch20/vehicles/bikes/roachhorror/kingcobra_horror_rear_fender_1.gfx",".gfx","0xC3CB1A40","308","608","0x11","True","True","26691399","26691707"
"508","patch20/vehicles/bikes/roachhorror/kingcobra_horror_seat_1.gfx",".gfx","0x60DB8F22","259","434","0x11","True","True","26691707","26691966"
"509","patch20/vehicles/bikes/roachhorror/kingcobra_horror_steering_1.gfx",".gfx","0x07326DE8","261","438","0x11","True","True","26691966","26692227"
"510","patch20/vehicles/bikes/roachhorror/kingcobra_horror_swing_arm_1.gfx",".gfx","0x694CD641","379","921","0x11","True","True","26692227","26692606"
"511","patch20/vehicles/bikes/roach_flame/kingcobra_flame_engine_1.gfx",".gfx","0x3F6266CF","260","436","0x11","True","True","26692606","26692866"
"512","patch20/vehicles/bikes/roach_flame/kingcobra_flame_engine_fender_1.gfx",".gfx","0x9DD463C2","267","443","0x11","True","True","26692866","26693133"
"513","patch20/vehicles/bikes/roach_flame/kingcobra_flame_exhaust_pipe_1.gfx",".gfx","0xA7980087","276","442","0x11","True","True","26693133","26693409"
"514","patch20/vehicles/bikes/roach_flame/kingcobra_flame_frame_1.gfx",".gfx","0xA5CA4130","293","591","0x11","True","True","26693409","26693702"
"515","patch20/vehicles/bikes/roach_flame/kingcobra_flame_front_fender_1.gfx",".gfx","0x07C432BD","266","442","0x11","True","True","26693702","26693968"
"516","patch20/vehicles/bikes/roach_flame/kingcobra_flame_front_suspension_1.gfx",".gfx","0x10F04679","270","446","0x11","True","True","26693968","26694238"
"517","patch20/vehicles/bikes/roach_flame/kingcobra_flame_head_light_1.gfx",".gfx","0xD57DBECF","414","733","0x11","True","True","26694238","26694652"
"518","patch20/vehicles/bikes/roach_flame/kingcobra_flame_rear_fender_1.gfx",".gfx","0x0BA0E825","308","606","0x11","True","True","26694652","26694960"
"519","patch20/vehicles/bikes/roach_flame/kingcobra_flame_seat_1.gfx",".gfx","0x82CDECB4","259","434","0x11","True","True","26694960","26695219"
"520","patch20/vehicles/bikes/roach_flame/kingcobra_flame_steering_1.gfx",".gfx","0xED290E67","261","438","0x11","True","True","26695219","26695480"
"521","patch20/vehicles/bikes/roach_flame/kingcobra_flame_swing_arm_1.gfx",".gfx","0x7ECA7CC9","379","921","0x11","True","True","26695480","26695859"
"522","patch20/vehicles/bikes/tkopandacamo/fat_grizzly_camo_body_1.gfx",".gfx","0xF053C7D0","259","434","0x11","True","True","26695859","26696118"
"523","patch20/vehicles/bikes/tkopandacamo/fat_grizzly_camo_chassis_1.gfx",".gfx","0xFC8E6199","333","762","0x11","True","True","26696118","26696451"
"524","patch20/vehicles/bikes/tkopandacamo/fat_grizzly_camo_exhaust_1.gfx",".gfx","0x8339BB52","261","437","0x11","True","True","26696451","26696712"
"525","patch20/vehicles/bikes/tkopandacamo/fat_grizzly_camo_headlight_1.gfx",".gfx","0x4EA41D25","263","439","0x11","True","True","26696712","26696975"
"526","patch20/vehicles/bikes/tkopandacamo/fat_grizzly_camo_steering_1.gfx",".gfx","0xAD395CC9","262","438","0x11","True","True","26696975","26697237"
"527","patch20/vehicles/bikes/tkopandacamo/fat_grizzly_camo_suspension_front_1.gfx",".gfx","0x1C92F26E","269","446","0x11","True","True","26697237","26697506"
"528","patch20/vehicles/bikes/tkopandacamo/fat_grizzly_camo_suspension_rear_1.gfx",".gfx","0xFCF1E437","269","445","0x11","True","True","26697506","26697775"
"529","patch20/vehicles/bikes/tkopandawasp/fat_grizzly_wasp_body_1.gfx",".gfx","0x91859A05","259","434","0x11","True","True","26697775","26698034"
"530","patch20/vehicles/bikes/tkopandawasp/fat_grizzly_wasp_chassis_1.gfx",".gfx","0x926E00E6","333","762","0x11","True","True","26698034","26698367"
"531","patch20/vehicles/bikes/tkopandawasp/fat_grizzly_wasp_exhaust_1.gfx",".gfx","0x19195A9F","261","437","0x11","True","True","26698367","26698628"
"532","patch20/vehicles/bikes/tkopandawasp/fat_grizzly_wasp_headlight_1.gfx",".gfx","0x9D424530","263","439","0x11","True","True","26698628","26698891"
"533","patch20/vehicles/bikes/tkopandawasp/fat_grizzly_wasp_steering_1.gfx",".gfx","0x7998407B","262","438","0x11","True","True","26698891","26699153"
"534","patch20/vehicles/bikes/tkopandawasp/fat_grizzly_wasp_suspension_front_1.gfx",".gfx","0x9B5BF8ED","269","446","0x11","True","True","26699153","26699422"
"535","patch20/vehicles/bikes/tkopandawasp/fat_grizzly_wasp_suspension_rear_1.gfx",".gfx","0x539BA663","269","445","0x11","True","True","26699422","26699691"
"536","seedcollection20.xml",".xml","0xAFCBBCAF","143","15","0x10","True","False","26699691","26699834"
"537","stampcollection20.xml",".xml","0x260C723F","191","87","0x11","True","True","26699834","26700025"
"538","tracks/track9101.trk",".trk","0x37C4B01A","81271","81143","0x10","True","False","26700025","26781296"
"539","tracks/track_empty20.trk",".trk","0x33F044C7","490","362","0x10","True","False","26781296","26781786"
"540","visualizationcollection20.xml",".xml","0xC33A8B33","383","1915","0x11","True","True","26781786","26782169"
"541","vtex/vtex_objects0.raw.hdr",".hdr","0x094DAB53","3828210","5298364","0x11","True","True","26782169","30610379"
"542","world20.xml",".xml","0x30D3D2B2","274","213","0x11","True","True","30610379","30610653"
"543","__manifest_file_list__","(manifest)","0xDD9D93E8","28310","28310","0x00","False","False","30610653","30638963"
